,School Code,Percent Eligible FRPM,School Type,Educational Option Type
7,0130625,0.8962264150943396,High Schools (Public),Traditional
18,0106401,0.4549763033175355,Alternative Schools of Choice,Alternative School of Choice
22,0130229,0.30406852248394006,High Schools (Public),Traditional
38,0130450,0.31016042780748665,High Schools (Public),Traditional
44,0131177,0.24798011187072716,High Schools (Public),Traditional
63,0132225,0.40048712595685454,High Schools (Public),Traditional
64,0133876,0.4,K-12 Schools (Public),Traditional
77,0132746,0.6049382716049383,High Schools (Public),Traditional
81,0130062,0.2494270435446906,High Schools (Public),Traditional
85,0134270,0.24663885025498378,High Schools (Public),Traditional
86,0134452,0.5271013354281225,High Schools (Public),Traditional
87,0135244,0.18004459308807136,High Schools (Public),Traditional
88,0138693,0.3643331630045989,High Schools (Public),Traditional
125,0108670,0.5235602094240838,High Schools (Public),Traditional
130,0133629,0.7506329113924051,High Schools (Public),Traditional
131,0135319,0.7501340482573726,High Schools (Public),Traditional
133,0138339,0.8385175380542687,High Schools (Public),Traditional
160,0133397,0.1567717996289425,High Schools (Public),Traditional
161,0134536,0.2348111658456486,High Schools (Public),Traditional
178,0130054,0.38917337234820776,High Schools (Public),Traditional
189,0110460,0.7857142857142857,Continuation High Schools,Continuation School
190,0110478,0.36363636363636365,Alternative Schools of Choice,Alternative School of Choice
192,0134668,0.5277777777777778,High Schools (Public),Traditional
203,0100065,0.7288135593220338,High Schools (Public),Traditional
207,0108944,0.9288256227758007,High Schools (Public),Traditional
209,0110189,0.9597069597069597,High Schools (Public),Traditional
214,0111856,0.6321243523316062,High Schools (Public),Traditional
223,0115238,0.7651515151515151,High Schools (Public),Traditional
229,0115667,0.9925925925925926,Alternative Schools of Choice,Alternative School of Choice
232,0119859,0.8173076923076923,Alternative Schools of Choice,Alternative School of Choice
236,0125161,0.9902642559109874,High Schools (Public),Traditional
237,0125716,0.9905660377358491,High Schools (Public),Traditional
238,0126748,0.7052023121387283,High Schools (Public),Traditional
242,0130146,0.993993993993994,Continuation High Schools,Continuation School
243,0130179,0.9090909090909091,Alternative Schools of Choice,Alternative School of Choice
252,0135905,0.902469917669411,High Schools (Public),Traditional
253,0136051,0.7019867549668874,High Schools (Public),Traditional
254,0137943,0.76,High Schools (Public),Traditional
256,0149187,0.949748743718593,Alternative Schools of Choice,Alternative School of Choice
314,0130286,0.18032786885245902,Continuation High Schools,Continuation School
315,0136515,0.03547066848567531,High Schools (Public),Traditional
322,0137588,0.7533864541832669,High Schools (Public),Traditional
337,0111799,0.7597402597402597,Alternative Schools of Choice,Alternative School of Choice
338,0114421,0.7326283987915407,High Schools (Public),Traditional
339,0130849,0.6457638425617078,High Schools (Public),Traditional
341,0137810,0.815354713313897,High Schools (Public),Traditional
360,0132704,0.16925297726452543,High Schools (Public),Traditional
373,0130096,0.08852005532503458,High Schools (Public),Traditional
375,0130583,0.08246225319396051,High Schools (Public),Traditional
390,0138289,0.7043701799485861,High Schools In 1 School Dist. (Public),Traditional
394,0330035,0.5,County Community,County Community School
399,0330753,0.34308943089430893,High Schools (Public),Traditional
400,0334755,0.3440134907251265,High Schools (Public),Traditional
411,0134213,0.956989247311828,High Schools (Public),Traditional
418,0430827,0.639751552795031,High Schools (Public),Traditional
425,0120394,0.4036144578313253,High Schools (Public),Traditional
433,0431502,0.9052631578947369,Continuation High Schools,Continuation School
434,0431676,0.5681818181818182,High Schools (Public),Traditional
435,0437558,0.46309403437815977,High Schools (Public),Traditional
453,0433201,0.3875,High Schools (Public),Traditional
467,0434803,0.7454545454545455,High Schools (Public),Traditional
468,0435602,0.8176605504587156,High Schools (Public),Traditional
479,0437350,0.498989898989899,High Schools (Public),Traditional
495,0433953,0.7059701492537314,High Schools (Public),Traditional
502,9010745,0.875,County Community,County Community School
505,0532507,0.4150268336314848,High Schools (Public),Traditional
529,0631259,0.6612529002320185,High Schools (Public),Traditional
533,0634758,0.717948717948718,High Schools (Public),Traditional
536,0635250,0.7602591792656588,High Schools (Public),Traditional
553,0731380,0.22334597555836494,High Schools (Public),Traditional
557,0107524,0.16393442622950818,Alternative Schools of Choice,Alternative School of Choice
558,0730283,0.0732484076433121,High Schools (Public),Traditional
559,0731125,0.05447761194029851,High Schools (Public),Traditional
560,0733725,0.15409004438807863,High Schools (Public),Traditional
561,0734244,0.04627249357326478,High Schools (Public),Traditional
569,0117218,0.8061674008810573,Alternative Schools of Choice,Alternative School of Choice
574,0730465,0.82560706401766,High Schools (Public),Traditional
575,0730861,0.902027027027027,High Schools (Public),Traditional
613,0737023,0.7407407407407407,High Schools (Public),Traditional
627,0107797,0.19446609508963367,High Schools (Public),Traditional
628,0730457,0.3930894308943089,High Schools (Public),Traditional
629,0730572,0.27607361963190186,Alternative Schools of Choice,Alternative School of Choice
630,0733980,0.35684062059238364,High Schools (Public),Traditional
635,0730549,0.30739299610894943,High Schools (Public),Traditional
652,0730044,0.2238033635187581,High Schools (Public),Traditional
655,0731646,0.40503080082135523,High Schools (Public),Traditional
656,0731836,0.6956904133685137,High Schools (Public),Traditional
657,0734566,0.800286327845383,High Schools (Public),Traditional
659,0737809,0.8149197355996223,High Schools (Public),Traditional
718,0735407,0.7925359976491331,High Schools (Public),Traditional
730,0101477,0.6538461538461539,High Schools (Public),Traditional
739,0730291,0.6496598639455783,High Schools (Public),Traditional
741,0730598,0.4172099087353325,High Schools (Public),Traditional
742,0732164,0.8605539637058262,High Schools (Public),Traditional
743,0732941,0.38972602739726026,High Schools (Public),Traditional
745,0733659,0.5986486486486486,High Schools (Public),Traditional
746,0735316,0.6184738955823293,High Schools (Public),Traditional
747,0735902,0.96796875,High Schools (Public),Traditional
795,0113118,0.08127673576834485,High Schools (Public),Traditional
800,0730051,0.08742225293711127,High Schools (Public),Traditional
802,0734368,0.05386875612144956,High Schools (Public),Traditional
803,0736504,0.05697445972495088,High Schools (Public),Traditional
836,0132233,0.8618618618618619,High Schools In 1 School Dist. (Public),Traditional
837,0830042,0.9629629629629629,County Community,County Community School
840,0833004,0.5871459694989106,High Schools (Public),Traditional
854,0930123,0.41379310344827586,County Community,County Community School
855,0930131,1.0,Juvenile Court Schools,Juvenile Court School
874,0930081,0.09462915601023018,High Schools (Public),Traditional
875,0930164,0.3727008712487899,High Schools (Public),Traditional
876,0930214,0.21367521367521367,High Schools (Public),Traditional
877,0932756,0.37973568281938325,High Schools (Public),Traditional
879,0936302,0.17791044776119402,High Schools (Public),Traditional
891,0937805,0.46654275092936803,High Schools (Public),Traditional
928,0109991,0.903112155020552,K-12 Schools (Public),Traditional
932,0136291,0.4671280276816609,High Schools (Public),Traditional
950,0113555,0.28008474576271186,High Schools (Public),Traditional
958,1030196,0.4784798534798535,High Schools (Public),Traditional
960,1030501,0.35241081928655427,High Schools (Public),Traditional
961,1030683,0.5165435271442339,High Schools (Public),Traditional
963,1031053,0.49478229578985244,High Schools (Public),Traditional
1009,1032150,0.7980173482032218,High Schools (Public),Traditional
1019,0108555,0.6378600823045267,Alternative Schools of Choice,Alternative School of Choice
1023,0114553,0.21285140562248997,High Schools (Public),Traditional
1028,0132134,0.8404255319148937,High Schools (Public),Traditional
1035,1030279,0.648692152917505,High Schools (Public),Traditional
1037,1030295,0.8659359190556493,High Schools (Public),Traditional
1039,1030642,0.9447236180904522,High Schools (Public),Traditional
1040,1030675,0.8722883135059483,High Schools (Public),Traditional
1041,1030717,0.8857142857142857,Special Education Schools (Public),Special Education School
1044,1031897,0.837537409149209,High Schools (Public),Traditional
1045,1032507,0.884841992501339,High Schools (Public),Traditional
1046,1032911,0.8348039215686275,High Schools (Public),Traditional
1047,1034214,0.9333657587548638,High Schools (Public),Traditional
1048,1035831,0.9213793103448276,High Schools (Public),Traditional
1119,6112619,0.9130434782608695,Special Education Schools (Public),Special Education School
1132,0124727,0.8805970149253731,Alternative Schools of Choice,Alternative School of Choice
1133,1033695,0.6262814538676608,High Schools (Public),Traditional
1137,0108092,0.9118110236220472,High Schools (Public),Traditional
1140,0126292,0.7098039215686275,High Schools (Public),Traditional
1143,1035310,0.8009977827050998,High Schools (Public),Traditional
1156,0140434,0.9166666666666666,Alternative Schools of Choice,Alternative School of Choice
1157,1033950,0.8773006134969326,High Schools (Public),Traditional
1164,0126870,0.94,Continuation High Schools,Continuation School
1165,1034990,0.9489456159822419,High Schools (Public),Traditional
1171,0136499,0.9348659003831418,K-12 Schools (Public),Traditional
1175,0141291,0.6564673157162726,High Schools (Public),Traditional
1179,1036094,0.6962077493816983,High Schools (Public),Traditional
1197,1036672,0.9012202208018594,High Schools (Public),Traditional
1210,0136523,0.8984126984126984,K-12 Schools (Public),Traditional
1213,1030121,0.8424962852897474,High Schools (Public),Traditional
1225,0140509,0.7288782816229117,High Schools (Public),Traditional
1227,1030626,0.8219414129810454,High Schools (Public),Traditional
1228,1030790,0.7488,High Schools (Public),Traditional
1229,1035112,0.8613861386138614,Continuation High Schools,Continuation School
1247,1033422,0.9473684210526315,Continuation High Schools,Continuation School
1248,1033430,0.8680509042196919,High Schools (Public),Traditional
1255,1030493,0.9746478873239437,High Schools (Public),Traditional
1262,1037456,0.9837837837837838,High Schools (Public),Traditional
1270,1036938,0.35149863760217986,High Schools (Public),Traditional
1274,1035575,0.907258064516129,High Schools (Public),Traditional
1278,1030535,0.8914956011730205,High Schools (Public),Traditional
1283,0122473,1.0,Alternative Schools of Choice,Alternative School of Choice
1286,1038306,0.8713503649635036,High Schools (Public),Traditional
1298,1136209,0.6744186046511628,High Schools (Public),Traditional
1300,1132109,0.7619047619047619,High Schools (Public),Traditional
1303,1132851,0.7044917257683215,High Schools (Public),Traditional
1307,1135656,0.7806896551724138,High Schools (Public),Traditional
1312,1133701,0.6830065359477124,High Schools (Public),Traditional
1316,0106203,1.0,Juvenile Court Schools,Juvenile Court School
1329,0107110,0.30973451327433627,High Schools (Public),Traditional
1333,1230705,0.4031777557100298,High Schools (Public),Traditional
1334,1235209,0.4558303886925795,High Schools (Public),Traditional
1342,0108688,0.37662337662337664,Alternative Schools of Choice,Alternative School of Choice
1344,1233402,0.6610169491525424,High Schools (Public),Traditional
1352,1234004,0.7773584905660378,High Schools (Public),Traditional
1379,1237007,0.6492890995260664,High Schools (Public),Traditional
1384,1232909,0.46206896551724136,High Schools (Public),Traditional
1386,1230085,0.5,High Schools (Public),Traditional
1392,1232206,0.5111876075731497,High Schools (Public),Traditional
1405,1330117,1.0,Juvenile Court Schools,Juvenile Court School
1415,1331404,0.7069243156199678,High Schools (Public),Traditional
1419,1332154,0.8020833333333334,Continuation High Schools,Continuation School
1420,1332204,0.848871085214858,High Schools (Public),Traditional
1428,1332501,0.8376811594202899,High Schools (Public),Traditional
1434,1330133,0.7210184182015168,High Schools (Public),Traditional
1435,1333004,0.7258225324027916,High Schools (Public),Traditional
1453,1335306,0.7422480620155039,High Schools (Public),Traditional
1461,1335900,0.4697706740792217,High Schools (Public),Traditional
1471,1337609,0.9209039548022598,High Schools (Public),Traditional
1476,0117994,0.8943181818181818,High Schools (Public),Traditional
1477,0128447,0.9136690647482014,High Schools (Public),Traditional
1478,0128454,0.9333333333333333,High Schools (Public),Traditional
1480,1431352,0.5333333333333333,High Schools (Public),Traditional
1484,1434901,0.5232558139534884,High Schools (Public),Traditional
1486,1436203,0.6086956521739131,High Schools (Public),Traditional
1491,0119081,0.6923076923076923,Alternative Schools of Choice,Alternative School of Choice
1495,1431600,0.39144736842105265,High Schools (Public),Traditional
1600,0100529,0.8619119878603946,High Schools (Public),Traditional
1601,0116384,0.8931133428981348,High Schools (Public),Traditional
1603,1531672,0.9279279279279279,High Schools (Public),Traditional
1633,0100198,0.9084380610412927,High Schools (Public),Traditional
1634,0110999,0.35795996186844614,High Schools (Public),Traditional
1635,0116392,0.7465576592082617,High Schools (Public),Traditional
1636,0116400,0.947265625,High Schools (Public),Traditional
1638,0141101,0.9626362221069019,High Schools (Public),Traditional
1642,1530252,0.9645684131172257,High Schools (Public),Traditional
1643,1530344,0.44286905754795663,High Schools (Public),Traditional
1644,1530369,0.4448462929475588,High Schools (Public),Traditional
1645,1530385,0.7180582524271845,High Schools (Public),Traditional
1647,1530476,0.4314056563951034,High Schools (Public),Traditional
1648,1530708,0.8152492668621701,High Schools (Public),Traditional
1649,1532290,0.9021879021879022,High Schools (Public),Traditional
1650,1532605,0.8781204111600588,High Schools (Public),Traditional
1651,1533330,0.8735177865612648,High Schools (Public),Traditional
1652,1533538,0.7693798449612403,High Schools (Public),Traditional
1653,1534775,0.8735362997658079,High Schools (Public),Traditional
1654,1535087,0.8749218261413383,High Schools (Public),Traditional
1655,1535392,0.9677266255339345,High Schools (Public),Traditional
1657,1536606,0.9110699397869384,High Schools (Public),Traditional
1677,0127209,0.7838427947598253,High Schools (Public),Traditional
1682,1533843,0.9861111111111112,High Schools (Public),Traditional
1688,0114512,0.7980132450331126,High Schools (Public),Traditional
1719,1534957,0.7982740021574973,High Schools (Public),Traditional
1734,1535905,0.818609022556391,High Schools (Public),Traditional
1737,1536135,0.4,High Schools (Public),Traditional
1753,1536440,0.875,High Schools (Public),Traditional
1758,1531367,0.5286458333333334,High Schools (Public),Traditional
1768,1530146,0.8837209302325582,Continuation High Schools,Continuation School
1770,1534155,0.8218111002921129,High Schools (Public),Traditional
1775,1530401,0.7459016393442623,High Schools (Public),Traditional
1792,1632207,0.8936627282491945,High Schools (Public),Traditional
1811,0118919,0.588334742180896,High Schools (Public),Traditional
1812,0137901,0.8613138686131386,High Schools (Public),Traditional
1813,1630151,0.9210526315789473,District Community Day Schools,Community Day School
1814,1630169,0.7761081893313299,High Schools (Public),Traditional
1816,1634401,0.835781041388518,High Schools (Public),Traditional
1819,0136556,0.9128440366972477,K-12 Schools (Public),Traditional
1832,0110205,0.396078431372549,High Schools (Public),Traditional
1833,0136234,0.5886524822695035,High Schools (Public),Traditional
1835,1635606,0.5895439377085651,High Schools (Public),Traditional
1841,1630953,0.9566929133858267,High Schools (Public),Traditional
1853,1734359,0.6271844660194175,High Schools (Public),Traditional
1862,1735000,0.7577639751552795,High Schools (Public),Traditional
1871,1732304,0.7731343283582089,High Schools (Public),Traditional
1879,1736008,0.5510688836104513,High Schools (Public),Traditional
1885,1737006,0.8338762214983714,High Schools (Public),Traditional
1894,1833805,0.34191176470588236,High Schools (Public),Traditional
1903,1838507,0.7222222222222222,High Schools (Public),Traditional
1906,1833409,0.6956521739130435,High Schools (Public),Traditional
1920,0121939,1.0,Juvenile Court Schools,Juvenile Court School
1924,0134346,0.6779661016949152,High Schools (Public),Traditional
1927,0136119,0.882943143812709,High Schools (Public),Traditional
1930,0138669,0.8982035928143712,High Schools (Public),Traditional
1932,0140681,0.8722466960352423,High Schools (Public),Traditional
1935,1933399,0.18874773139745918,Opportunity Schools,Opportunity School
1936,1995869,0.2685589519650655,Opportunity Schools,Opportunity School
1942,1930056,0.4308617234468938,High Schools (Public),Traditional
1943,1930361,0.8627167630057804,High Schools (Public),Traditional
1944,1931641,0.7682926829268293,Continuation High Schools,Continuation School
1946,1933159,0.6118945432250154,High Schools (Public),Traditional
1947,1995596,0.6470588235294118,Alternative Schools of Choice,Alternative School of Choice
1973,0100081,0.5810983397190294,High Schools (Public),Traditional
1974,0108407,0.6845305967312809,High Schools (Public),Traditional
1975,0111872,0.5791044776119403,Alternative Schools of Choice,Alternative School of Choice
1977,1930213,0.7790387182910548,High Schools (Public),Traditional
1978,1931732,0.743801652892562,Continuation High Schools,Continuation School
1979,1936624,0.6852355072463768,High Schools (Public),Traditional
1980,1937051,0.4217322834645669,High Schools (Public),Traditional
1981,1995398,0.639320029563932,High Schools (Public),Traditional
1982,1995406,0.6629064366290643,High Schools (Public),Traditional
1983,1995844,0.6648065476190477,High Schools (Public),Traditional
1984,1995968,0.6842105263157895,District Community Day Schools,Community Day School
1985,1996537,0.7867950481430537,High Schools (Public),Traditional
1988,1930288,0.25484858795508675,High Schools (Public),Traditional
2000,1930528,0.8931013051584835,High Schools (Public),Traditional
2012,1930601,0.8690476190476191,High Schools (Public),Traditional
2014,1938166,0.8793939393939394,High Schools (Public),Traditional
2015,1996479,0.8584474885844748,High Schools (Public),Traditional
2029,1930700,0.9116465863453815,High Schools (Public),Traditional
2054,1930981,0.30605285592497866,High Schools (Public),Traditional
2062,1931088,0.2564102564102564,High Schools (Public),Traditional
2064,1937739,0.3757085020242915,High Schools (Public),Traditional
2077,0131573,0.30714285714285716,Alternative Schools of Choice,Alternative School of Choice
2078,1931187,0.37362637362637363,High Schools (Public),Traditional
2079,1931237,0.26631625054752517,High Schools (Public),Traditional
2081,1995877,0.45454545454545453,Special Education Schools (Public),Special Education School
2101,0118521,0.7741935483870968,Alternative Schools of Choice,Alternative School of Choice
2102,0128488,0.04462809917355372,High Schools (Public),Traditional
2103,0128496,0.045845272206303724,High Schools (Public),Traditional
2105,1933951,0.8,High Schools (Public),Traditional
2106,1934926,0.7833214540270849,High Schools (Public),Traditional
2107,1935048,0.8324078748107017,High Schools (Public),Traditional
2109,1930312,0.8591549295774648,Continuation High Schools,Continuation School
2110,1931666,0.6949960285941224,High Schools (Public),Traditional
2121,1931823,0.3447941888619855,High Schools (Public),Traditional
2134,1932086,0.7196969696969697,High Schools (Public),Traditional
2135,1936418,0.789093825180433,High Schools (Public),Traditional
2136,1938372,0.6230867346938775,High Schools (Public),Traditional
2150,1932201,0.2524850894632207,High Schools (Public),Traditional
2162,1932441,0.7919032337694396,High Schools (Public),Traditional
2163,1939164,0.7977279024660571,High Schools (Public),Traditional
2184,0134858,0.19507186858316222,High Schools (Public),Traditional
2186,1932482,0.7698412698412699,High Schools (Public),Traditional
2231,1930320,0.8412698412698413,High Schools (Public),Traditional
2232,1932664,0.958062183658713,High Schools (Public),Traditional
2233,1932680,0.9617097061442564,High Schools (Public),Traditional
2234,1937481,0.8580721466587817,High Schools (Public),Traditional
2236,1995661,0.9226666666666666,High Schools (Public),Traditional
2237,1996123,1.0,District Community Day Schools,Community Day School
2241,1932706,0.7388471177944862,High Schools (Public),Traditional
2255,1930353,0.28125,Continuation High Schools,Continuation School
2256,1932763,0.1266233766233766,High Schools (Public),Traditional
2273,1932144,0.32964939024390244,High Schools (Public),Traditional
2275,1933530,0.5498547918683446,High Schools (Public),Traditional
2276,1934082,0.5421383647798742,High Schools (Public),Traditional
2278,1996131,0.46742957746478875,High Schools (Public),Traditional
2306,1933597,0.21217979700338327,High Schools (Public),Traditional
2307,1939677,0.4423076923076923,Continuation High Schools,Continuation School
2319,0100354,0.8306878306878307,High Schools (Public),Traditional
2341,1934231,0.9220607661822986,High Schools (Public),Traditional
2344,1996529,0.8217522658610272,High Schools (Public),Traditional
2345,1996586,0.8986486486486487,High Schools (Public),Traditional
2399,1930080,0.26155646576945585,High Schools (Public),Traditional
2400,1931781,0.24897480960749854,High Schools (Public),Traditional
2414,1996438,0.7581967213114754,High Schools (Public),Traditional
2422,0100602,0.8571428571428571,High Schools (Public),Traditional
2425,1996313,0.9274447949526814,High Schools (Public),Traditional
2445,0127381,0.4032258064516129,High Schools (Public),Traditional
2447,0131938,0.9491525423728814,High Schools (Public),Traditional
2448,0132324,0.26811594202898553,High Schools (Public),Traditional
2450,0135525,0.7588235294117647,High Schools (Public),Traditional
2452,1934470,0.7403169014084507,High Schools (Public),Traditional
2453,1934678,0.5839479392624729,High Schools (Public),Traditional
2454,1935758,0.3248239436619718,High Schools (Public),Traditional
2455,1936947,0.5915167095115681,High Schools (Public),Traditional
2457,1939875,0.5568826515377725,High Schools (Public),Traditional
2458,1995539,0.37444279346210996,High Schools (Public),Traditional
2460,1995935,0.7282082324455206,High Schools (Public),Traditional
2461,1996503,0.5681818181818182,High Schools (Public),Traditional
2529,0100677,0.4723756906077348,High Schools (Public),Traditional
2531,0100750,0.9566115702479339,High Schools (Public),Traditional
2532,0100800,0.8469601677148847,High Schools (Public),Traditional
2534,0101196,0.9648562300319489,High Schools (Public),Traditional
2538,0101659,0.992,High Schools (Public),Traditional
2539,0101675,0.9553398058252427,High Schools (Public),Traditional
2544,0102434,0.9641025641025641,High Schools (Public),Traditional
2550,0102913,0.8864265927977839,High Schools (Public),Traditional
2551,0102921,0.6548672566371682,High Schools (Public),Traditional
2554,0106831,0.9104477611940298,High Schools (Public),Traditional
2555,0106849,0.9675850891410048,High Schools (Public),Traditional
2565,0106997,0.9310872894333844,Alternative Schools of Choice,Alternative School of Choice
2566,0107003,0.8545673076923077,High Schools (Public),Traditional
2568,0107755,0.6364628820960698,High Schools (Public),Traditional
2569,0108878,0.5990566037735849,High Schools (Public),Traditional
2571,0108894,0.961038961038961,High Schools (Public),Traditional
2574,0108936,0.8783570300157978,High Schools (Public),Traditional
2600,0109447,0.934260429835651,High Schools (Public),Traditional
2601,0109454,0.921105527638191,High Schools (Public),Traditional
2602,0109462,0.967391304347826,High Schools (Public),Traditional
2603,0109512,0.9763779527559056,Continuation High Schools,Continuation School
2607,0110668,0.9891304347826086,Continuation High Schools,Continuation School
2609,0111484,0.9651162790697675,High Schools (Public),Traditional
2610,0111492,0.9718076285240465,High Schools (Public),Traditional
2611,0111500,0.9473684210526315,High Schools (Public),Traditional
2613,0111575,0.9643527204502814,High Schools (Public),Traditional
2614,0111583,0.9555189456342669,High Schools (Public),Traditional
2615,0111625,0.924908424908425,High Schools (Public),Traditional
2617,0111658,0.8978494623655914,High Schools (Public),Traditional
2624,0112029,0.9923469387755102,High Schools (Public),Traditional
2625,0112037,0.9623655913978495,High Schools (Public),Traditional
2626,0112045,0.8892100192678227,High Schools (Public),Traditional
2627,0112052,0.9764437689969605,High Schools (Public),Traditional
2631,0112508,0.954954954954955,High Schools (Public),Traditional
2632,0112870,0.9716088328075709,High Schools (Public),Traditional
2634,0114850,0.9766454352441614,High Schools (Public),Traditional
2641,0115253,0.8173076923076923,High Schools (Public),Traditional
2643,0116509,0.9577777777777777,High Schools (Public),Traditional
2648,0117051,0.9389380530973451,High Schools (Public),Traditional
2649,0117069,0.9317211948790897,High Schools (Public),Traditional
2650,0117598,0.9515011547344111,High Schools (Public),Traditional
2651,0117606,0.8716216216216216,High Schools (Public),Traditional
2656,0117721,0.9617346938775511,High Schools (Public),Traditional
2657,0117747,0.9605568445475638,High Schools (Public),Traditional
2658,0117762,0.966796875,High Schools (Public),Traditional
2662,0117911,0.7844827586206896,High Schools (Public),Traditional
2666,0118588,0.909404659188956,High Schools (Public),Traditional
2670,0119727,0.7150635208711433,High Schools (Public),Traditional
2672,0119966,0.9452449567723343,High Schools (Public),Traditional
2679,0120360,0.7868852459016393,Alternative Schools of Choice,Alternative School of Choice
2682,0120808,1.0,District Community Day Schools,Community Day School
2687,0121285,0.9282700421940928,High Schools (Public),Traditional
2707,0122333,0.9026217228464419,Alternative Schools of Choice,Alternative School of Choice
2708,0122341,0.9465020576131687,Alternative Schools of Choice,Alternative School of Choice
2709,0122358,0.9547738693467337,High Schools (Public),Traditional
2710,0122366,0.9586776859504132,Alternative Schools of Choice,Alternative School of Choice
2711,0122374,0.8985915492957747,High Schools (Public),Traditional
2712,0122382,0.9771863117870723,High Schools (Public),Traditional
2719,0122606,0.8986486486486487,High Schools (Public),Traditional
2729,0123133,0.9539748953974896,High Schools (Public),Traditional
2730,0123141,0.9752066115702479,High Schools (Public),Traditional
2739,0124362,0.7239101717305152,High Schools (Public),Traditional
2740,0124370,0.86,Alternative Schools of Choice,Alternative School of Choice
2741,0124388,0.9256594724220624,High Schools (Public),Traditional
2742,0124396,0.9119047619047619,High Schools (Public),Traditional
2743,0124404,0.9595015576323987,High Schools (Public),Traditional
2746,0124479,0.972193614830072,High Schools (Public),Traditional
2747,0124487,0.9890590809628009,High Schools (Public),Traditional
2748,0124495,0.9702970297029703,High Schools (Public),Traditional
2749,0124503,0.9634888438133874,High Schools (Public),Traditional
2750,0124511,0.9777327935222672,High Schools (Public),Traditional
2758,0124891,0.940952380952381,High Schools (Public),Traditional
2759,0124933,0.9384615384615385,High Schools (Public),Traditional
2760,0124941,0.9575221238938053,High Schools (Public),Traditional
2765,0125864,0.7159309021113244,High Schools (Public),Traditional
2767,0125989,0.9749582637729549,High Schools (Public),Traditional
2768,0126136,0.63016157989228,High Schools (Public),Traditional
2782,0126482,0.9848484848484849,High Schools (Public),Traditional
2783,0126516,0.934156378600823,High Schools (Public),Traditional
2784,0126524,0.943089430894309,High Schools (Public),Traditional
2785,0126532,0.9500924214417745,High Schools (Public),Traditional
2786,0126540,0.8568702290076335,High Schools (Public),Traditional
2787,0126557,0.9002433090024331,High Schools (Public),Traditional
2788,0126573,0.9831804281345565,High Schools (Public),Traditional
2792,0126615,0.7784810126582279,High Schools (Public),Traditional
2793,0126623,0.8082191780821918,High Schools (Public),Traditional
2796,0127787,0.8074324324324325,High Schools (Public),Traditional
2797,0127795,0.9662576687116564,High Schools (Public),Traditional
2798,0127803,0.9375,High Schools (Public),Traditional
2800,0127894,0.9451219512195121,High Schools (Public),Traditional
2801,0127910,0.98828125,High Schools (Public),Traditional
2814,0129536,0.95703125,Alternative Schools of Choice,Alternative School of Choice
2815,0129585,0.9916387959866221,High Schools (Public),Traditional
2818,0129627,0.9118457300275482,High Schools (Public),Traditional
2822,0130997,0.9512195121951219,Alternative Schools of Choice,Alternative School of Choice
2827,0131821,0.9716312056737588,High Schools (Public),Traditional
2829,0132027,0.9168356997971603,High Schools (Public),Traditional
2831,0132126,0.9318181818181818,High Schools (Public),Traditional
2832,0132282,0.8121019108280255,High Schools (Public),Traditional
2844,0133868,0.8936170212765957,High Schools (Public),Traditional
2850,0135632,0.3250883392226148,High Schools (Public),Traditional
2853,0135715,0.8007736943907157,High Schools (Public),Traditional
2854,0135723,0.732,High Schools (Public),Traditional
2861,0137083,0.9727272727272728,Alternative Schools of Choice,Alternative School of Choice
2862,0137091,0.9917355371900827,High Schools (Public),Traditional
2867,0137562,0.918918918918919,High Schools (Public),Traditional
2869,0137612,0.3166023166023166,High Schools (Public),Traditional
2879,0140129,0.6675126903553299,High Schools (Public),Traditional
2887,0141630,0.7837837837837838,Alternative Schools of Choice,Alternative School of Choice
2890,1930296,1.0,Continuation High Schools,Continuation School
2891,1930387,0.9338842975206612,Continuation High Schools,Continuation School
2892,1930403,1.0,Continuation High Schools,Continuation School
2893,1930429,0.95,Continuation High Schools,Continuation School
2894,1930486,1.0,Continuation High Schools,Continuation School
2895,1930551,0.9512195121951219,Continuation High Schools,Continuation School
2896,1930577,0.975,Continuation High Schools,Continuation School
2897,1930619,0.9705882352941176,Opportunity Schools,Opportunity School
2898,1930650,0.9145334434351775,High Schools (Public),Traditional
2899,1930692,0.9565217391304348,Alternative Schools of Choice,Alternative School of Choice
2900,1930734,0.8875,Continuation High Schools,Continuation School
2902,1930791,0.868421052631579,Continuation High Schools,Continuation School
2903,1930866,0.9137931034482759,High Schools (Public),Traditional
2904,1930924,0.9641693811074918,High Schools (Public),Traditional
2905,1930940,0.989010989010989,Continuation High Schools,Continuation School
2906,1930973,0.9775280898876404,Continuation High Schools,Continuation School
2907,1931047,0.9000632511068943,High Schools (Public),Traditional
2910,1931336,1.0,Continuation High Schools,Continuation School
2912,1931385,1.0,Continuation High Schools,Continuation School
2913,1931393,0.9818181818181818,Continuation High Schools,Continuation School
2914,1931435,0.972972972972973,Continuation High Schools,Continuation School
2915,1931450,0.9838709677419355,Continuation High Schools,Continuation School
2917,1931476,0.9236861051115911,High Schools (Public),Traditional
2918,1931484,0.9606299212598425,Continuation High Schools,Continuation School
2919,1931500,0.9493670886075949,Continuation High Schools,Continuation School
2920,1931518,0.9459459459459459,Continuation High Schools,Continuation School
2921,1931526,0.8770433546552949,High Schools (Public),Traditional
2922,1931534,0.9852941176470589,Continuation High Schools,Continuation School
2923,1931559,0.9428571428571428,Continuation High Schools,Continuation School
2925,1931682,0.987012987012987,Continuation High Schools,Continuation School
2926,1931690,0.9029126213592233,Continuation High Schools,Continuation School
2927,1931708,0.6890418818129661,High Schools (Public),Traditional
2929,1931856,0.9111111111111111,Continuation High Schools,Continuation School
2930,1931864,0.714968738506804,High Schools (Public),Traditional
2931,1931930,1.0,Continuation High Schools,Continuation School
2932,1931955,1.0,Continuation High Schools,Continuation School
2933,1931971,0.9655172413793104,Continuation High Schools,Continuation School
2934,1931989,0.9375,Continuation High Schools,Continuation School
2935,1931997,0.94,Continuation High Schools,Continuation School
2936,1932128,0.9065606361829026,Alternative Schools of Choice,Alternative School of Choice
2937,1932250,0.7727272727272727,Continuation High Schools,Continuation School
2939,1932334,0.8888888888888888,Continuation High Schools,Continuation School
2940,1932342,0.8955223880597015,Continuation High Schools,Continuation School
2941,1932383,0.9742086752637749,High Schools (Public),Traditional
2943,1932623,0.36835193696651347,High Schools (Public),Traditional
2944,1932821,0.9705882352941176,Continuation High Schools,Continuation School
2946,1932888,0.8144078144078144,Alternative Schools of Choice,Alternative School of Choice
2948,1932920,0.8735785953177257,High Schools (Public),Traditional
2949,1932987,0.9354990583804144,High Schools (Public),Traditional
2950,1933001,0.9022447501810282,Alternative Schools of Choice,Alternative School of Choice
2952,1933118,0.9745897300158815,High Schools (Public),Traditional
2954,1933241,0.9352196574832464,High Schools (Public),Traditional
2955,1933381,0.9280286097451944,High Schools (Public),Traditional
2957,1933795,0.9470124013528749,High Schools (Public),Traditional
2958,1933852,0.7605839416058394,High Schools (Public),Traditional
2959,1934033,0.926829268292683,High Schools (Public),Traditional
2960,1934157,0.9513184584178499,High Schools (Public),Traditional
2961,1934371,0.9893617021276596,High Schools (Public),Traditional
2962,1934454,0.9786700125470514,High Schools (Public),Traditional
2963,1935121,0.8937568455640745,High Schools (Public),Traditional
2964,1935352,0.9079754601226994,High Schools (Public),Traditional
2965,1935519,0.975024975024975,High Schools (Public),Traditional
2966,1935568,0.7117263843648208,High Schools (Public),Traditional
2968,1935865,0.9406824146981627,High Schools (Public),Traditional
2969,1936160,0.8398967075532602,High Schools (Public),Traditional
2970,1936350,0.719721767594108,High Schools (Public),Traditional
2971,1937085,0.9230769230769231,Opportunity Schools,Opportunity School
2973,1937424,0.9630512514898689,High Schools (Public),Traditional
2974,1937622,0.9322139303482587,High Schools (Public),Traditional
2975,1937838,0.7714762301918265,High Schools (Public),Traditional
2976,1938307,0.9375371802498513,High Schools (Public),Traditional
2977,1938554,0.8708133971291866,High Schools (Public),Traditional
2978,1938612,0.5659612787032868,High Schools (Public),Traditional
2979,1938885,0.7227436823104693,High Schools (Public),Traditional
2980,1938968,0.8496698831894363,High Schools (Public),Traditional
2981,1939040,0.647187091146969,High Schools (Public),Traditional
2982,1939107,0.8368200836820083,High Schools (Public),Traditional
2983,1939305,0.9715447154471545,High Schools (Public),Traditional
2984,1939479,0.8438030560271647,Alternative Schools of Choice,Alternative School of Choice
2986,1939859,0.9396825396825397,High Schools (Public),Traditional
2987,1939941,0.7202602230483272,High Schools (Public),Traditional
2988,1995448,0.811623246492986,Alternative Schools of Choice,Alternative School of Choice
2989,1995794,1.0,Alternative Schools of Choice,Alternative School of Choice
2990,1995836,0.21506849315068494,High Schools (Public),Traditional
2991,1996073,0.961038961038961,District Community Day Schools,Community Day School
3537,0109538,0.9479485609308022,High Schools (Public),Traditional
3539,1935436,0.9634015069967707,High Schools (Public),Traditional
3552,1935923,0.6371134020618556,High Schools (Public),Traditional
3562,0124552,0.8847457627118644,High Schools (Public),Traditional
3563,1930155,0.8406412069778406,High Schools (Public),Traditional
3564,1930825,0.8695014662756598,High Schools (Public),Traditional
3565,1935998,0.8898793917147352,High Schools (Public),Traditional
3612,1933647,0.7494331065759637,High Schools (Public),Traditional
3613,1934728,0.5701042873696408,High Schools (Public),Traditional
3614,1936467,0.779277108433735,High Schools (Public),Traditional
3648,0140889,0.7209302325581395,K-12 Schools (Public),Traditional
3672,1995588,0.11759036144578314,High Schools (Public),Traditional
3673,1996552,0.08355795148247978,High Schools (Public),Traditional
3692,0136705,0.9523809523809523,High Schools (Public),Traditional
3693,1936749,0.9670588235294117,High Schools (Public),Traditional
3719,1936103,0.7620232172470979,High Schools (Public),Traditional
3721,1936822,0.6761320030698388,High Schools (Public),Traditional
3742,1933175,0.9184357541899442,High Schools (Public),Traditional
3743,1933324,0.9144862795149968,High Schools (Public),Traditional
3745,1937028,0.9365558912386707,High Schools (Public),Traditional
3747,1995901,0.7866407263294423,High Schools (Public),Traditional
3748,1996495,0.8888888888888888,Alternative Schools of Choice,Alternative School of Choice
3784,1937754,0.11512415349887133,High Schools (Public),Traditional
3790,1933373,0.8333333333333334,Continuation High Schools,Continuation School
3791,1938000,0.35394126738794435,High Schools (Public),Traditional
3792,1995737,0.20930232558139536,High Schools (Public),Traditional
3820,1938455,0.14973958333333334,High Schools (Public),Traditional
3844,1938679,0.3591905564924115,High Schools (Public),Traditional
3855,1936277,0.44646799116997793,High Schools (Public),Traditional
3857,1938356,0.2243367935409458,High Schools (Public),Traditional
3858,1938752,0.3640234167110165,High Schools (Public),Traditional
3859,1939602,0.24676056338028168,High Schools (Public),Traditional
3890,0122432,0.8061797752808989,High Schools (Public),Traditional
3891,0137042,0.6590909090909091,Alternative Schools of Choice,Alternative School of Choice
3893,1939537,0.8189066059225513,High Schools (Public),Traditional
3933,1931302,0.8027421494913755,High Schools (Public),Traditional
3934,1934868,0.5843170320404721,High Schools (Public),Traditional
3935,1936889,0.877,High Schools (Public),Traditional
3936,1937903,0.7764075067024129,High Schools (Public),Traditional
3937,1939701,0.8547215496368039,High Schools (Public),Traditional
3938,1995653,0.8028169014084507,Alternative Schools of Choice,Alternative School of Choice
3941,0102459,0.42272727272727273,High Schools (Public),Traditional
3943,0102475,0.12492965672481711,High Schools (Public),Traditional
3947,1931492,0.3714139344262295,High Schools (Public),Traditional
3948,1931740,0.1760897712559344,High Schools (Public),Traditional
3950,1933902,0.3910355486862442,High Schools (Public),Traditional
3952,1995802,0.1268591426071741,High Schools (Public),Traditional
3954,1996321,0.15324675324675324,High Schools (Public),Traditional
3967,0132969,0.85431654676259,High Schools (Public),Traditional
3972,1931567,0.9008810572687225,High Schools (Public),Traditional
3973,1931963,0.9193324061196105,High Schools (Public),Traditional
3974,1932326,0.9152970922882427,High Schools (Public),Traditional
3975,1995695,0.9125475285171103,Continuation High Schools,Continuation School
3977,1996057,0.8823529411764706,K-12 Schools (Public),Traditional
4011,1934801,0.8696186961869619,High Schools (Public),Traditional
4012,1935246,0.7022613065326633,High Schools (Public),Traditional
4014,1939834,0.6517857142857143,High Schools (Public),Traditional
4015,1939925,0.8437067773167358,High Schools (Public),Traditional
4016,1996560,0.8461538461538461,District Community Day Schools,Community Day School
4043,1936228,0.8280130293159609,High Schools (Public),Traditional
4044,1937564,0.6810515873015873,High Schools (Public),Traditional
4062,1932862,0.2259071400702302,High Schools (Public),Traditional
4064,1939149,0.23649906890130354,High Schools (Public),Traditional
4078,1995810,0.6995827538247567,High Schools (Public),Traditional
4088,0127100,0.843065693430657,K-12 Schools (Public),Traditional
4092,0134619,0.8518518518518519,High Schools (Public),Traditional
4099,1995786,0.682741116751269,High Schools (Public),Traditional
4104,1935808,0.06995551961180752,High Schools (Public),Traditional
4115,1937143,0.18384115029099624,High Schools (Public),Traditional
4129,1930163,0.4795719844357977,High Schools (Public),Traditional
4130,1934553,0.4093593820990459,High Schools (Public),Traditional
4131,1937697,0.6643952299829642,High Schools (Public),Traditional
4146,0119016,0.3423913043478261,High Schools (Public),Traditional
4147,0119636,0.5279850746268657,High Schools (Public),Traditional
4149,0131128,0.4909090909090909,High Schools (Public),Traditional
4175,2032357,0.8112094395280236,High Schools (Public),Traditional
4183,0110965,0.9521247982786444,High Schools (Public),Traditional
4186,0118950,0.6231884057971014,High Schools (Public),Traditional
4193,0139691,0.8993554784333168,High Schools (Public),Traditional
4195,2035707,0.817549491706795,High Schools (Public),Traditional
4211,0111443,0.84,Alternative Schools of Choice,Alternative School of Choice
4216,2030203,0.3449197860962567,High Schools (Public),Traditional
4222,0100180,0.8461538461538461,High Schools (Public),Traditional
4224,0117010,0.5094339622641509,High Schools (Public),Traditional
4225,0125021,0.5333333333333333,High Schools (Public),Traditional
4231,2030013,0.6586715867158671,High Schools (Public),Traditional
4233,2030070,0.75,Alternative Schools of Choice,Alternative School of Choice
4234,2030104,0.7608695652173914,Alternative Schools of Choice,Alternative School of Choice
4235,2030237,0.4878048780487805,High Schools (Public),Traditional
4272,2132272,0.48329448329448327,High Schools (Public),Traditional
4273,2133056,0.3568,High Schools (Public),Traditional
4303,2133262,0.7222222222222222,High Schools (Public),Traditional
4304,2134005,0.49439102564102566,High Schools (Public),Traditional
4309,2130078,0.1693548387096774,Alternative Schools of Choice,Alternative School of Choice
4310,2131340,0.10341805433829973,High Schools (Public),Traditional
4311,2132587,0.08188153310104529,High Schools (Public),Traditional
4312,2133692,0.11768707482993197,High Schools (Public),Traditional
4315,2134310,0.7322834645669292,High Schools (Public),Traditional
4326,2230100,0.8,County Community,County Community School
4332,2230076,0.8571428571428571,High Schools (Public),Traditional
4334,2235356,0.6268980477223427,High Schools (Public),Traditional
4351,2331361,0.7750439367311072,High Schools (Public),Traditional
4357,2333185,0.6363636363636364,High Schools (Public),Traditional
4362,2333649,0.48091603053435117,High Schools (Public),Traditional
4363,2330033,0.9523809523809523,Continuation High Schools,Continuation School
4365,2334563,0.8849557522123894,High Schools (Public),Traditional
4376,2335024,0.7651386530843237,High Schools (Public),Traditional
4388,0136887,0.7719298245614035,Alternative Schools of Choice,Alternative School of Choice
4390,2335487,0.5062972292191436,High Schools (Public),Traditional
4396,2330041,0.5189873417721519,High Schools (Public),Traditional
4399,2332260,0.7653061224489796,High Schools (Public),Traditional
4401,2330207,0.7142857142857143,High Schools (Public),Traditional
4402,2332724,0.5882352941176471,High Schools (Public),Traditional
4409,2430163,0.88125,County Community,County Community School
4429,2432409,0.6063218390804598,High Schools (Public),Traditional
4435,2433001,0.871900826446281,High Schools (Public),Traditional
4444,0120923,0.7107246376811595,High Schools (Public),Traditional
4450,2434207,0.7848347375243033,High Schools (Public),Traditional
4480,0127373,0.762409369771333,High Schools (Public),Traditional
4481,2430049,0.8850574712643678,Alternative Schools of Choice,Alternative School of Choice
4482,2430098,0.8513302034428795,High Schools (Public),Traditional
4483,2430205,0.7846244131455399,High Schools (Public),Traditional
4484,2430601,0.8210941350418925,High Schools (Public),Traditional
4485,2433605,0.8545765611633875,High Schools (Public),Traditional
4486,2435204,0.7941327843540916,High Schools (Public),Traditional
4500,2431807,0.7947269303201506,High Schools (Public),Traditional
4505,2430015,0.9295774647887324,Continuation High Schools,Continuation School
4506,2431203,0.8857589984350548,High Schools (Public),Traditional
4512,2430114,0.9,High Schools (Public),Traditional
4518,2530020,1.0,Continuation High Schools,Continuation School
4520,2535409,0.636734693877551,High Schools (Public),Traditional
4525,0124990,1.0,High Schools (Public),Traditional
4526,2630028,0.7272727272727273,County Community,County Community School
4527,2633006,0.4,High Schools (Public),Traditional
4528,2635001,0.4,High Schools (Public),Traditional
4533,2630010,0.38484848484848483,High Schools (Public),Traditional
4540,2730117,1.0,Juvenile Court Schools,Juvenile Court School
4542,2730265,0.8811881188118812,County Community,County Community School
4561,2730414,0.15128205128205127,High Schools (Public),Traditional
4579,0141010,0.8571428571428571,Alternative Schools of Choice,Alternative School of Choice
4581,2730174,0.7849293563579278,High Schools (Public),Traditional
4582,2732170,0.8215179316096747,High Schools (Public),Traditional
4587,0111435,0.7794729542302358,High Schools (Public),Traditional
4594,2732808,0.5817273376159886,High Schools (Public),Traditional
4595,2735348,0.8443616029822927,High Schools (Public),Traditional
4608,2733657,0.18659420289855072,High Schools (Public),Traditional
4630,0136697,0.840625,High Schools (Public),Traditional
4631,2730109,0.9522246535375638,High Schools (Public),Traditional
4632,2730166,0.9271991911021233,High Schools (Public),Traditional
4634,2733178,0.9349477682811016,High Schools (Public),Traditional
4636,2734556,0.7752100840336135,High Schools (Public),Traditional
4656,2730034,0.8448,High Schools (Public),Traditional
4672,2730190,0.8505821474773609,High Schools (Public),Traditional
4678,2730885,0.8388814913448736,High Schools (Public),Traditional
4683,2830073,1.0,Juvenile Court Schools,Juvenile Court School
4695,0121087,0.5627906976744186,High Schools (Public),Traditional
4697,2830016,0.5776818742293465,High Schools (Public),Traditional
4698,2830115,0.6438356164383562,Alternative Schools of Choice,Alternative School of Choice
4700,2835601,0.7442143727161997,High Schools (Public),Traditional
4722,2837102,0.36778846153846156,High Schools (Public),Traditional
4726,0114314,0.5714285714285714,High Schools (Public),Traditional
4745,0112367,0.2129032258064516,Alternative Schools of Choice,Alternative School of Choice
4746,0124834,0.47643979057591623,High Schools (Public),Traditional
4747,2930030,0.3963963963963964,Alternative Schools of Choice,Alternative School of Choice
4748,2930048,0.25150602409638556,High Schools (Public),Traditional
4750,2935500,0.370275464445868,High Schools (Public),Traditional
4767,0133983,0.747072599531616,High Schools (Public),Traditional
4771,0134841,0.8428571428571429,High Schools (Public),Traditional
4780,0141978,0.9923076923076923,High Schools (Public),Traditional
4824,3030038,0.608193668528864,High Schools (Public),Traditional
4825,3030228,0.9415073115860517,High Schools (Public),Traditional
4829,3033057,0.9174548581255374,High Schools (Public),Traditional
4830,3033115,0.6949067070095815,High Schools (Public),Traditional
4831,3033784,0.9239766081871345,High Schools (Public),Traditional
4832,3034204,0.9067164179104478,High Schools (Public),Traditional
4833,3036712,0.8963165075034106,High Schools (Public),Traditional
4834,3038239,0.8990318118948825,High Schools (Public),Traditional
4847,3030640,0.4158711217183771,High Schools (Public),Traditional
4877,0124131,0.22727272727272727,Alternative Schools of Choice,Alternative School of Choice
4882,3030210,0.40532395781014563,High Schools (Public),Traditional
4981,3030335,0.7033898305084746,Alternative Schools of Choice,Alternative School of Choice
4982,3030855,0.906064209274673,High Schools (Public),Traditional
4983,3032505,0.6276595744680851,High Schools (Public),Traditional
4984,3033362,0.6512493354598617,High Schools (Public),Traditional
4986,3037090,0.6649803260258572,High Schools (Public),Traditional
4987,3037348,0.4848095849379546,High Schools (Public),Traditional
4988,3037496,0.3973642172523962,High Schools (Public),Traditional
4991,3030434,0.8618459729570841,High Schools (Public),Traditional
4992,3032752,0.8226256983240223,High Schools (Public),Traditional
4993,3033578,0.7618814306712396,High Schools (Public),Traditional
4994,3033933,0.9237762237762238,High Schools (Public),Traditional
4995,3035581,0.5116279069767442,High Schools (Public),Traditional
4996,3035706,0.8658790826963169,High Schools (Public),Traditional
4997,3036555,0.9212740384615384,High Schools (Public),Traditional
5065,3030145,0.7816291161178509,High Schools (Public),Traditional
5066,3030368,0.31446540880503143,Alternative Schools of Choice,Alternative School of Choice
5067,3031895,0.2733040507564666,High Schools (Public),Traditional
5068,3032158,0.5247555976032797,High Schools (Public),Traditional
5069,3032943,0.3376181474480151,High Schools (Public),Traditional
5070,3034410,0.46770155232849275,High Schools (Public),Traditional
5071,3038445,0.8592328983788059,High Schools (Public),Traditional
5074,3033206,0.1705521472392638,High Schools (Public),Traditional
5101,0111666,0.6497175141242938,Alternative Schools of Choice,Alternative School of Choice
5106,3034907,0.7972027972027972,Continuation High Schools,Continuation School
5107,3035045,0.42658349328214973,High Schools (Public),Traditional
5151,3030046,0.315162620247366,High Schools (Public),Traditional
5152,3031952,0.6902506963788301,High Schools (Public),Traditional
5153,3035409,0.8692129629629629,High Schools (Public),Traditional
5155,3038098,0.5615422639644093,High Schools (Public),Traditional
5194,0119404,0.28019619865113427,High Schools (Public),Traditional
5195,3030053,0.44938980617372576,High Schools (Public),Traditional
5197,3031929,0.35535535535535534,High Schools (Public),Traditional
5199,3038023,0.6727498963085856,High Schools (Public),Traditional
5227,0106567,0.8888888888888888,High Schools (Public),Traditional
5228,0108365,0.8055555555555556,High Schools (Public),Traditional
5231,0114736,0.8915234143449912,High Schools (Public),Traditional
5235,3030491,0.8959842001316656,High Schools (Public),Traditional
5236,3030608,0.8638392857142857,Alternative Schools of Choice,Alternative School of Choice
5239,3036357,0.906187624750499,High Schools (Public),Traditional
5240,3036456,0.9140461215932913,High Schools (Public),Traditional
5304,3030061,0.5021030494216614,High Schools (Public),Traditional
5305,3030079,0.865,Continuation High Schools,Continuation School
5306,3030244,0.5854214123006833,High Schools (Public),Traditional
5307,3030392,0.37252525252525254,High Schools (Public),Traditional
5309,3034956,0.40932311621966794,High Schools (Public),Traditional
5339,0102871,0.44488472622478387,High Schools (Public),Traditional
5345,3032109,0.477892756349953,High Schools (Public),Traditional
5347,3037553,0.8684695759065765,High Schools (Public),Traditional
5374,0133405,0.17638321574452284,High Schools (Public),Traditional
5381,3030129,0.6282051282051282,Continuation High Schools,Continuation School
5382,3030152,0.2255600814663951,High Schools (Public),Traditional
5383,3030285,0.2446236559139785,High Schools (Public),Traditional
5385,3030657,0.1876114081996435,High Schools (Public),Traditional
5386,3035102,0.23016905071521457,High Schools (Public),Traditional
5416,3033917,0.16432246998284733,High Schools (Public),Traditional
5428,3130101,1.0,Juvenile Court Schools,Juvenile Court School
5479,0102293,0.3684210526315789,High Schools (Public),Traditional
5480,0138081,0.43859649122807015,High Schools (Public),Traditional
5482,3131851,0.2127659574468085,High Schools (Public),Traditional
5483,3132453,0.12851897184822522,High Schools (Public),Traditional
5484,3135704,0.29881422924901185,High Schools (Public),Traditional
5508,0116459,0.6732564524986271,High Schools (Public),Traditional
5510,0139840,0.30062530062530063,High Schools (Public),Traditional
5512,3130119,0.4883720930232558,Alternative Schools of Choice,Alternative School of Choice
5513,3130176,0.3835051546391753,High Schools (Public),Traditional
5514,3130184,0.25,High Schools (Public),Traditional
5516,3135308,0.4604651162790698,High Schools (Public),Traditional
5517,3136504,0.5058905058905059,High Schools (Public),Traditional
5520,3130010,0.3611111111111111,High Schools (Public),Traditional
5523,3138500,0.28114663726571115,High Schools (Public),Traditional
5538,0140541,0.2034927866362946,High Schools (Public),Traditional
5541,3134657,0.4214527027027027,High Schools (Public),Traditional
5549,0108084,0.20872121509064184,High Schools (Public),Traditional
5554,3130150,0.19886363636363635,High Schools (Public),Traditional
5569,0100057,0.5,County Community,County Community School
5583,0125237,0.8739495798319328,County Community,County Community School
5585,0128397,0.7565359477124183,County Community,County Community School
5586,0128777,0.6015228426395939,High Schools (Public),Traditional
5603,0125732,0.7561797752808989,High Schools (Public),Traditional
5605,3330008,0.8791281373844122,High Schools (Public),Traditional
5606,3334299,0.9201773835920177,High Schools (Public),Traditional
5646,3330479,0.6367052023121387,High Schools (Public),Traditional
5659,0110627,0.6623018607856651,High Schools (Public),Traditional
5662,0110759,0.590778097982709,Alternative Schools of Choice,Alternative School of Choice
5670,3330446,0.8126843657817109,High Schools (Public),Traditional
5672,3330701,0.6323734973441432,High Schools (Public),Traditional
5673,3331600,0.8634590377113134,High Schools (Public),Traditional
5674,3334232,0.718011811023622,High Schools (Public),Traditional
5712,0118885,0.8006060606060607,High Schools (Public),Traditional
5716,3330388,0.6017316017316018,High Schools (Public),Traditional
5717,3330669,0.7439175257731959,High Schools (Public),Traditional
5720,3333192,0.9383282364933742,High Schools (Public),Traditional
5748,0113159,0.8568994889267462,High Schools (Public),Traditional
5755,3330537,0.9009154550350027,High Schools (Public),Traditional
5756,3332673,0.8251864125932062,High Schools (Public),Traditional
5771,0114157,0.7444768653605669,High Schools (Public),Traditional
5773,3330412,0.815711754282339,High Schools (Public),Traditional
5775,3337136,0.8856235107227959,High Schools (Public),Traditional
5819,3330396,0.8334073745002222,High Schools (Public),Traditional
5820,3330438,0.8151167098925528,High Schools (Public),Traditional
5822,3331071,0.8778586278586279,High Schools (Public),Traditional
5824,3333770,0.9248692344270091,High Schools (Public),Traditional
5853,3331014,0.7571214392803598,High Schools (Public),Traditional
5861,0127316,0.9521770164168452,High Schools (Public),Traditional
5863,3330578,0.9550224887556222,High Schools (Public),Traditional
5864,3330818,0.9608772969768821,High Schools (Public),Traditional
5866,3335130,0.957247828991316,High Schools (Public),Traditional
5887,3335759,0.768918918918919,High Schools (Public),Traditional
5903,0113191,0.8085836909871245,High Schools (Public),Traditional
5906,0140491,0.5344895545920378,High Schools (Public),Traditional
5908,3330727,0.6349014877362283,High Schools (Public),Traditional
5909,3335973,0.9527671755725191,High Schools (Public),Traditional
5919,3330024,0.8088541666666667,High Schools (Public),Traditional
5923,3330859,0.5472397184142275,High Schools (Public),Traditional
5924,3334406,0.8791645947289906,High Schools (Public),Traditional
5925,3336237,0.7037037037037037,High Schools (Public),Traditional
5926,3336492,0.8627450980392157,High Schools (Public),Traditional
5977,3331006,0.912,High Schools (Public),Traditional
5979,3337656,0.8994974874371859,High Schools (Public),Traditional
5987,0100255,0.9728,High Schools (Public),Traditional
5991,0121673,0.8851063829787233,High Schools (Public),Traditional
5994,3330990,0.9034782608695652,High Schools (Public),Traditional
6009,0107920,0.8488441019561351,High Schools (Public),Traditional
6017,3330487,0.6784660766961652,High Schools (Public),Traditional
6018,3332350,0.7768552153606643,High Schools (Public),Traditional
6037,0105734,0.24575695858791582,High Schools (Public),Traditional
6046,3330370,0.36400146038700254,High Schools (Public),Traditional
6048,3330636,0.35947712418300654,Alternative Schools of Choice,Alternative School of Choice
6049,3330743,0.3944515306122449,High Schools (Public),Traditional
6070,0100420,0.5153245192307693,High Schools (Public),Traditional
6075,0118794,0.5972894482090997,High Schools (Public),Traditional
6077,3330529,0.4667300380228137,High Schools (Public),Traditional
6094,0109108,0.9159509202453988,High Schools (Public),Traditional
6102,0133306,0.8664440734557596,High Schools (Public),Traditional
6103,3330552,0.8210376011423132,High Schools (Public),Traditional
6127,0105916,0.6783031374281927,High Schools (Public),Traditional
6133,0108753,0.3347791798107255,High Schools (Public),Traditional
6138,0116897,0.3892840208629682,High Schools (Public),Traditional
6144,3430170,0.7848335388409371,High Schools (Public),Traditional
6148,3430477,0.7963073257891602,High Schools (Public),Traditional
6149,3430592,0.5186741363211952,High Schools (Public),Traditional
6150,3430618,0.6148648648648649,High Schools (Public),Traditional
6151,3430873,0.3992452830188679,High Schools (Public),Traditional
6153,3432572,0.4685273159144893,High Schools (Public),Traditional
6200,0113571,0.07295173961840629,High Schools (Public),Traditional
6210,3431533,0.698045267489712,High Schools (Public),Traditional
6211,3433216,0.20992761116856257,High Schools (Public),Traditional
6212,3434792,0.7589285714285714,Continuation High Schools,Continuation School
6243,0119131,0.41268075639599555,High Schools (Public),Traditional
6245,3433471,0.5735140771637122,High Schools (Public),Traditional
6252,4835302,0.7192429022082019,High Schools (Public),Traditional
6261,0137950,0.8900862068965517,K-12 Schools (Public),Traditional
6272,0101881,0.8838709677419355,High Schools (Public),Traditional
6273,0101899,0.5057471264367817,High Schools (Public),Traditional
6274,0101907,0.4368421052631579,High Schools (Public),Traditional
6275,0101972,0.5791245791245792,High Schools (Public),Traditional
6276,0102038,0.7554479418886199,High Schools (Public),Traditional
6279,0108951,0.6282051282051282,High Schools (Public),Traditional
6291,3430865,0.4531422271223815,High Schools (Public),Traditional
6292,3431012,0.7413680781758958,High Schools (Public),Traditional
6293,3434636,0.7752675386444708,High Schools (Public),Traditional
6294,3434768,0.5944309927360775,High Schools (Public),Traditional
6295,3435419,0.5025301673803036,High Schools (Public),Traditional
6362,0135772,0.3978494623655914,Alternative Schools of Choice,Alternative School of Choice
6364,3430048,0.5771812080536913,High Schools (Public),Traditional
6366,3430386,0.43373493975903615,Alternative Schools of Choice,Alternative School of Choice
6368,3430493,0.3563692625064466,High Schools (Public),Traditional
6372,3431111,0.4808695652173913,High Schools (Public),Traditional
6373,3432051,0.5322997416020672,High Schools (Public),Traditional
6374,3432317,0.5456769983686787,High Schools (Public),Traditional
6375,3432838,0.8772845953002611,High Schools (Public),Traditional
6376,3435930,0.627190332326284,High Schools (Public),Traditional
6377,3436714,0.39925965097831834,High Schools (Public),Traditional
6378,3438504,0.6869409660107334,High Schools (Public),Traditional
6433,3430378,0.5251524390243902,High Schools (Public),Traditional
6440,0102236,0.5601640838650866,High Schools (Public),Traditional
6444,0112425,0.3640699523052464,High Schools (Public),Traditional
6452,3430584,0.759723422644771,High Schools (Public),Traditional
6464,0101832,0.7931769722814499,High Schools (Public),Traditional
6471,0130757,0.9736190557500214,K-12 Schools (Public),Traditional
6472,0139584,0.9317524580682476,K-12 Schools (Public),Traditional
6477,3433265,0.9223712067748765,High Schools (Public),Traditional
6478,3433794,0.9129340714645193,High Schools (Public),Traditional
6479,3434370,0.8881748071979434,High Schools (Public),Traditional
6480,3436979,0.8299874529485571,High Schools (Public),Traditional
6514,0132308,0.8666666666666667,County Community,County Community School
6516,3530045,1.0,Juvenile Court Schools,Juvenile Court School
6541,3530060,0.5468164794007491,High Schools (Public),Traditional
6547,0140012,0.7425149700598802,High Schools (Public),Traditional
6588,3630803,0.6765083440308087,High Schools (Public),Traditional
6596,3630290,0.8484848484848485,Continuation High Schools,Continuation School
6611,0126243,0.6236559139784946,Alternative Schools of Choice,Alternative School of Choice
6612,3630225,0.6031014249790444,High Schools (Public),Traditional
6613,3630373,0.544689495066744,High Schools (Public),Traditional
6614,3630571,0.5740453275380316,High Schools (Public),Traditional
6615,3630845,0.85,District Community Day Schools,Community Day School
6616,3631058,0.4371148967017035,High Schools (Public),Traditional
6617,3631157,0.6970128022759602,High Schools (Public),Traditional
6618,3632205,0.8145187080268628,High Schools (Public),Traditional
6619,3633906,0.8330019880715706,High Schools (Public),Traditional
6620,3634482,0.8665997993981945,High Schools (Public),Traditional
6621,3637659,0.8486486486486486,Continuation High Schools,Continuation School
6630,3630035,0.822452229299363,High Schools (Public),Traditional
6631,3630522,0.4675324675324675,High Schools (Public),Traditional
6632,3631017,0.5160116448326055,High Schools (Public),Traditional
6634,3631587,0.9148936170212766,Continuation High Schools,Continuation School
6636,3632502,0.7684159845931632,High Schools (Public),Traditional
6660,0125500,0.7370977534911961,High Schools (Public),Traditional
6662,3631322,0.8723522853957637,High Schools (Public),Traditional
6663,3632742,0.9074609600925391,High Schools (Public),Traditional
6717,0108191,0.7211009174311926,High Schools (Public),Traditional
6720,0120758,0.8487636572742956,High Schools (Public),Traditional
6725,3630555,0.7533333333333333,High Schools (Public),Traditional
6726,3630902,0.8608433734939759,High Schools (Public),Traditional
6727,3633302,0.9530386740331491,High Schools (Public),Traditional
6769,3638616,0.6164383561643836,High Schools (Public),Traditional
6793,3630266,1.0,Continuation High Schools,Continuation School
6794,3634169,0.7732342007434945,High Schools (Public),Traditional
6845,0118802,0.6545023696682465,High Schools (Public),Traditional
6848,3630779,0.608130081300813,High Schools (Public),Traditional
6851,3635042,0.6071265417999087,High Schools (Public),Traditional
6869,0102830,0.7831881086622245,High Schools (Public),Traditional
6873,3630530,0.8888888888888888,Alternative Schools of Choice,Alternative School of Choice
6874,3630597,0.8566526877621045,High Schools (Public),Traditional
6875,3633005,0.8669879518072289,High Schools (Public),Traditional
6901,3635265,0.6104651162790697,High Schools (Public),Traditional
6920,0125450,0.9679558011049724,High Schools (Public),Traditional
6929,0136952,0.8446969696969697,High Schools (Public),Traditional
6935,3631082,0.962481426448737,High Schools (Public),Traditional
6936,3631090,0.9107806691449815,Alternative Schools of Choice,Alternative School of Choice
6937,3632221,0.86608442503639,High Schools (Public),Traditional
6939,3634680,0.9678972712680578,High Schools (Public),Traditional
6940,3635844,0.9625,High Schools (Public),Traditional
6941,3636081,0.9161425576519916,High Schools (Public),Traditional
7016,0125419,0.8615932354250111,High Schools (Public),Traditional
7023,3630787,0.8138568129330254,High Schools (Public),Traditional
7024,3638012,0.9095343680709534,High Schools (Public),Traditional
7034,3633351,0.7477477477477478,Continuation High Schools,Continuation School
7035,3638509,0.5876588021778585,High Schools (Public),Traditional
7042,3630076,0.5483870967741935,High Schools (Public),Traditional
7048,3630274,0.6505102040816326,High Schools (Public),Traditional
7058,3630233,0.5792880258899676,High Schools (Public),Traditional
7081,0119115,0.5388185654008438,High Schools (Public),Traditional
7082,3630407,0.7708939708939709,High Schools (Public),Traditional
7084,3630746,0.7302192564346998,High Schools (Public),Traditional
7103,0136432,0.8744665718349929,High Schools (Public),Traditional
7108,3630563,0.8819875776397516,High Schools (Public),Traditional
7114,3637584,0.6950303897032535,High Schools (Public),Traditional
7132,3630423,0.6635006784260515,High Schools (Public),Traditional
7133,3630894,0.7386934673366834,High Schools (Public),Traditional
7144,0115998,1.0,Juvenile Court Schools,Juvenile Court School
7167,0134890,0.7656135194709772,High Schools (Public),Traditional
7168,3730447,0.9351851851851852,High Schools (Public),Traditional
7256,3731478,0.14614614614614616,High Schools (Public),Traditional
7313,0111195,0.22005988023952097,High Schools (Public),Traditional
7314,0127241,0.7281045751633987,High Schools (Public),Traditional
7316,3730058,0.7323943661971831,High Schools (Public),Traditional
7317,3731023,0.351931330472103,High Schools (Public),Traditional
7319,3732062,0.8272946859903382,High Schools (Public),Traditional
7320,3735313,0.8903803131991052,High Schools (Public),Traditional
7332,3730967,0.7297297297297297,Alternative Schools of Choice,Alternative School of Choice
7333,3732179,0.7177549919050189,High Schools (Public),Traditional
7336,0128793,0.7352941176470589,Special Education Schools (Public),Special Education School
7338,0132548,0.6535433070866141,Alternative Schools of Choice,Alternative School of Choice
7340,3730066,0.6944444444444444,High Schools (Public),Traditional
7341,3730702,0.4267241379310345,High Schools (Public),Traditional
7342,3731262,0.49909008189262966,High Schools (Public),Traditional
7343,3731486,0.6470588235294118,Special Education Schools (Public),Special Education School
7345,3731692,0.8883009994121105,High Schools (Public),Traditional
7346,3731809,0.5215469613259669,High Schools (Public),Traditional
7347,3732336,0.5757185757185758,High Schools (Public),Traditional
7349,3732625,0.6395027624309392,High Schools (Public),Traditional
7350,3732732,0.6546593578700078,High Schools (Public),Traditional
7351,3734548,0.7621516526247569,High Schools (Public),Traditional
7352,3734761,0.792722547108512,High Schools (Public),Traditional
7366,3733219,0.5446428571428571,High Schools In 1 School Dist. (Public),Traditional
7415,0123224,0.6724565756823822,High Schools (Public),Traditional
7423,3734878,0.4199029126213592,High Schools (Public),Traditional
7447,0118935,0.09542432538130621,High Schools (Public),Traditional
7450,3730074,0.1738888888888889,High Schools (Public),Traditional
7451,3730819,0.1520361990950226,High Schools (Public),Traditional
7452,3731528,0.11909262759924386,High Schools (Public),Traditional
7454,3735867,0.21751546882436934,High Schools (Public),Traditional
7486,3735974,0.5719373219373219,High Schools (Public),Traditional
7498,0106732,0.5041782729805014,High Schools (Public),Traditional
7500,0107078,0.7363896848137536,High Schools (Public),Traditional
7501,0107086,0.8146964856230032,High Schools (Public),Traditional
7502,0107094,0.7640117994100295,High Schools (Public),Traditional
7503,0107102,0.7676767676767676,High Schools (Public),Traditional
7504,0107177,0.928679817905918,High Schools (Public),Traditional
7505,0107219,0.7103620474406991,High Schools (Public),Traditional
7506,0107482,0.4957983193277311,Alternative Schools of Choice,Alternative School of Choice
7512,0108787,0.4309859154929577,High Schools (Public),Traditional
7518,0114025,0.8977807666442502,High Schools (Public),Traditional
7521,0114462,0.719626168224299,High Schools (Public),Traditional
7525,0118315,0.6521739130434783,Alternative Schools of Choice,Alternative School of Choice
7526,0118851,0.9690265486725663,High Schools (Public),Traditional
7530,0122788,0.22672064777327935,High Schools (Public),Traditional
7536,0127647,0.7611111111111111,High Schools (Public),Traditional
7548,3730173,0.5849535080304311,High Schools (Public),Traditional
7549,3730181,0.5711019661636946,High Schools (Public),Traditional
7550,3730231,0.8805460750853242,Continuation High Schools,Continuation School
7551,3730314,0.489419795221843,High Schools (Public),Traditional
7555,3730884,0.1984126984126984,High Schools (Public),Traditional
7560,3731213,0.5735115431348724,High Schools (Public),Traditional
7561,3731247,0.470873786407767,High Schools (Public),Traditional
7564,3732781,0.4164989939637827,High Schools (Public),Traditional
7565,3732997,0.8920934858279463,High Schools (Public),Traditional
7566,3733508,0.3023850085178876,High Schools (Public),Traditional
7567,3733698,0.8076923076923077,High Schools (Public),Traditional
7568,3734431,0.4443548387096774,High Schools (Public),Traditional
7569,3734654,0.8007542426147077,High Schools (Public),Traditional
7570,3735750,0.4332946635730858,High Schools (Public),Traditional
7571,3737962,0.9513274336283186,Continuation High Schools,Continuation School
7714,0106328,0.11411271541686073,High Schools (Public),Traditional
7716,3730033,0.17665615141955837,High Schools (Public),Traditional
7717,3731007,0.1826381059751973,High Schools (Public),Traditional
7718,3737384,0.3333333333333333,Continuation High Schools,Continuation School
7719,3737418,0.2490504612045578,High Schools (Public),Traditional
7765,0125401,0.6926406926406926,K-12 Schools (Public),Traditional
7770,0111831,0.2761031017911752,High Schools (Public),Traditional
7774,3730124,0.8438899552143314,High Schools (Public),Traditional
7775,3730405,0.3709183673469388,High Schools (Public),Traditional
7776,3730801,0.8231841526045488,High Schools (Public),Traditional
7777,3730843,0.22526398122800156,High Schools (Public),Traditional
7778,3731064,0.8009656652360515,High Schools (Public),Traditional
7780,3731304,0.5730994152046783,High Schools (Public),Traditional
7782,3731502,0.783101494075219,High Schools (Public),Traditional
7783,3731627,0.325,High Schools (Public),Traditional
7785,3732849,0.7735742518351214,High Schools (Public),Traditional
7786,3733953,0.7689144736842105,High Schools (Public),Traditional
7787,3738226,0.891703056768559,High Schools (Public),Traditional
7788,3738234,0.8067602040816326,High Schools (Public),Traditional
7807,0114264,0.6896551724137931,High Schools (Public),Traditional
7810,0118430,0.4413173652694611,Alternative Schools of Choice,Alternative School of Choice
7815,3730728,0.7008722421754746,High Schools (Public),Traditional
7818,3738705,0.8465063001145475,High Schools (Public),Traditional
7837,0127423,0.2979053529868115,High Schools (Public),Traditional
7839,3730694,0.3154965753424658,High Schools (Public),Traditional
7840,3731163,0.34210526315789475,Alternative Schools of Choice,Alternative School of Choice
7858,3735206,0.7448665297741273,High Schools (Public),Traditional
7859,3739018,0.6703207470564353,High Schools (Public),Traditional
7879,0105726,0.4463831334060342,High Schools (Public),Traditional
7886,3737632,0.319530485816759,High Schools (Public),Traditional
7903,0139451,0.4740973312401884,High Schools (Public),Traditional
7909,3731114,0.6167441860465116,High Schools (Public),Traditional
7917,0114678,0.4744408945686901,High Schools (Public),Traditional
7918,0114694,0.4156479217603912,High Schools (Public),Traditional
7923,0137067,0.4045977011494253,High Schools (Public),Traditional
7928,0129320,0.6666666666666666,High Schools (Public),Traditional
7937,3830361,1.0,Juvenile Court Schools,Juvenile Court School
7938,3830395,0.7611940298507462,Opportunity Schools,Opportunity School
7946,0102103,0.7045454545454546,Alternative Schools of Choice,Alternative School of Choice
7947,0107300,0.5289672544080605,High Schools (Public),Traditional
7954,0119875,0.7303664921465969,Alternative Schools of Choice,Alternative School of Choice
7955,0119958,0.5609756097560976,Alternative Schools of Choice,Alternative School of Choice
7960,0127530,0.8928571428571429,High Schools (Public),Traditional
7962,3830031,0.7727272727272727,Continuation High Schools,Continuation School
7963,3830064,0.7126436781609196,Continuation High Schools,Continuation School
7964,3830197,0.5659574468085107,Alternative Schools of Choice,Alternative School of Choice
7965,3830205,0.5076628352490421,High Schools (Public),Traditional
7966,3830254,0.6771728748806113,High Schools (Public),Traditional
7967,3830288,0.6373182552504039,High Schools (Public),Traditional
7968,3830387,0.22205882352941175,Alternative Schools of Choice,Alternative School of Choice
7969,3830403,0.7894736842105263,High Schools (Public),Traditional
7970,3830429,0.7446808510638298,High Schools (Public),Traditional
7971,3830437,0.5258620689655172,High Schools (Public),Traditional
7972,3831765,0.6291428571428571,High Schools (Public),Traditional
7973,3833241,0.5453230472516876,High Schools (Public),Traditional
7974,3833407,0.42512640995721507,High Schools (Public),Traditional
7975,3834082,0.6253776435045317,High Schools (Public),Traditional
7976,3834769,0.7043478260869566,High Schools (Public),Traditional
7977,3839081,0.5183752417794971,High Schools (Public),Traditional
8072,3932308,0.4822085889570552,High Schools (Public),Traditional
8089,3933801,0.7076044269903606,High Schools (Public),Traditional
8100,3933959,0.693135935397039,High Schools (Public),Traditional
8108,0101956,0.579250720461095,High Schools (Public),Traditional
8114,0108225,0.7688564476885644,High Schools (Public),Traditional
8122,3930237,0.6576623376623376,High Schools (Public),Traditional
8125,3930443,0.5364431486880467,High Schools (Public),Traditional
8126,3934759,0.6929057337220602,High Schools (Public),Traditional
8128,3934783,0.6091188524590164,High Schools (Public),Traditional
8160,0101576,0.7259450171821306,High Schools (Public),Traditional
8165,0116376,0.6224764468371468,High Schools (Public),Traditional
8166,3930310,0.5586826347305389,High Schools (Public),Traditional
8168,3932001,0.6240157480314961,High Schools (Public),Traditional
8169,3935103,0.6696381751442055,High Schools (Public),Traditional
8196,0133116,0.7635782747603834,K-12 Schools (Public),Traditional
8198,0136135,0.574468085106383,K-12 Schools (Public),Traditional
8207,3935756,0.26165556612749763,High Schools (Public),Traditional
8214,0108159,0.7491340920336467,High Schools (Public),Traditional
8224,0115402,0.79,Alternative Schools of Choice,Alternative School of Choice
8228,0119743,0.6448598130841121,High Schools (Public),Traditional
8229,0119784,0.8952879581151832,High Schools (Public),Traditional
8234,0123802,0.7902439024390244,High Schools (Public),Traditional
8235,0124248,0.6130653266331658,High Schools (Public),Traditional
8244,3930427,0.7849162011173184,Alternative Schools of Choice,Alternative School of Choice
8245,3932100,0.797027600849257,High Schools (Public),Traditional
8247,3937406,0.7459749552772809,High Schools (Public),Traditional
8283,0102392,0.22477064220183487,High Schools (Public),Traditional
8286,0119040,0.5374921235034656,High Schools (Public),Traditional
8288,3930302,0.7578125,High Schools (Public),Traditional
8290,3938008,0.6267970097757332,High Schools (Public),Traditional
8308,0128967,0.10790774299835255,High Schools (Public),Traditional
8326,4030102,0.4088050314465409,Alternative Schools of Choice,Alternative School of Choice
8328,4030755,0.449438202247191,High Schools (Public),Traditional
8341,0125328,0.5031446540880503,High Schools (Public),Traditional
8343,4030268,0.702075702075702,High Schools (Public),Traditional
8363,4034807,0.511318242343542,High Schools (Public),Traditional
8364,4036703,0.3903456495828367,High Schools (Public),Traditional
8381,4037008,0.7108433734939759,High Schools (Public),Traditional
8386,4030185,0.34375,Alternative Schools of Choice,Alternative School of Choice
8387,4037701,0.28413793103448276,High Schools (Public),Traditional
8393,0119354,0.5547445255474452,Alternative Schools of Choice,Alternative School of Choice
8396,4035754,0.649546827794562,High Schools (Public),Traditional
8405,4032009,0.8867924528301887,High Schools (Public),Traditional
8411,0135269,0.6666666666666666,High Schools (Public),Traditional
8436,4132817,0.25686059275521406,High Schools (Public),Traditional
8466,0127548,0.32751091703056767,High Schools (Public),Traditional
8467,4133393,0.41138059701492535,High Schools (Public),Traditional
8468,4135075,0.18683651804670912,Alternative Schools of Choice,Alternative School of Choice
8469,4137535,0.14864864864864866,High Schools (Public),Traditional
8470,4137592,0.5280898876404494,Continuation High Schools,Continuation School
8471,4137790,0.4084507042253521,High Schools (Public),Traditional
8481,4135331,0.345679012345679,High Schools (Public),Traditional
8565,0129759,0.07231040564373897,High Schools (Public),Traditional
8568,4130217,0.16827503015681544,High Schools (Public),Traditional
8569,4130472,0.13329121920404297,High Schools (Public),Traditional
8570,4130738,0.34213006597549483,High Schools (Public),Traditional
8571,4133070,0.25236593059936907,High Schools (Public),Traditional
8572,4134557,0.20269058295964126,High Schools (Public),Traditional
8573,4136370,0.3808606294155427,High Schools (Public),Traditional
8576,0112722,0.7167235494880546,High Schools (Public),Traditional
8578,0126722,0.6330935251798561,High Schools (Public),Traditional
8579,0138420,0.4009433962264151,High Schools (Public),Traditional
8580,0139915,0.9587628865979382,High Schools (Public),Traditional
8581,4130993,0.09322033898305085,High Schools (Public),Traditional
8582,4133716,0.329935125115848,High Schools (Public),Traditional
8584,4136693,0.3926645091693635,High Schools (Public),Traditional
8585,4138053,0.28674698795180725,High Schools (Public),Traditional
8589,4132551,0.25071225071225073,High Schools (Public),Traditional
8590,4137279,0.4180790960451977,High Schools (Public),Traditional
8639,4230587,0.6526138279932546,High Schools (Public),Traditional
8666,4230454,0.4830188679245283,High Schools (Public),Traditional
8668,4233060,0.7671060891399875,High Schools (Public),Traditional
8692,0102285,0.7188311688311688,High Schools (Public),Traditional
8694,4234613,0.554635761589404,High Schools (Public),Traditional
8695,4236030,0.7610563156220171,High Schools (Public),Traditional
8698,4236345,0.27091136079900124,High Schools (Public),Traditional
8703,4231205,0.8181818181818182,High Schools (Public),Traditional
8706,0120402,0.5966386554621849,Alternative Schools of Choice,Alternative School of Choice
8708,4231726,0.43927408096789206,High Schools (Public),Traditional
8710,4235230,0.5804776739356179,High Schools (Public),Traditional
8711,4235727,0.6174636174636174,High Schools (Public),Traditional
8743,0123794,0.2898172323759791,High Schools (Public),Traditional
8753,0135087,0.696113074204947,High Schools (Public),Traditional
8754,4330254,1.0,Juvenile Court Schools,Juvenile Court School
8820,4330239,0.17993630573248406,High Schools (Public),Traditional
8822,4330866,0.3142857142857143,High Schools (Public),Traditional
8823,4331955,0.6962962962962963,High Schools (Public),Traditional
8824,4336137,0.49246575342465754,High Schools (Public),Traditional
8825,4338505,0.41973840665873957,High Schools (Public),Traditional
8852,0107151,0.8267477203647416,High Schools (Public),Traditional
8853,0116889,0.708984375,High Schools (Public),Traditional
8855,0125617,0.8977635782747604,High Schools (Public),Traditional
8856,0130856,0.8355555555555556,High Schools (Public),Traditional
8857,0131995,0.8812260536398467,High Schools (Public),Traditional
8858,0132274,0.7283950617283951,High Schools (Public),Traditional
8859,4330015,0.6191066997518611,High Schools (Public),Traditional
8860,4330023,0.2788191190253046,High Schools (Public),Traditional
8861,4330031,0.46963739624290085,High Schools (Public),Traditional
8865,4330668,0.831353919239905,High Schools (Public),Traditional
8867,4330692,0.2241953385127636,High Schools (Public),Traditional
8870,4332995,0.6758312020460358,High Schools (Public),Traditional
8871,4333639,0.6577726218097448,High Schools (Public),Traditional
8872,4334900,0.625250501002004,High Schools (Public),Traditional
8873,4335204,0.5618631732168851,High Schools (Public),Traditional
8874,4335428,0.6265590608950844,High Schools (Public),Traditional
8875,4335907,0.3013555787278415,High Schools (Public),Traditional
8876,4337903,0.44600280504908835,High Schools (Public),Traditional
8918,4330569,0.16666666666666666,District Community Day Schools,Community Day School
8919,4331799,0.10222222222222223,High Schools (Public),Traditional
8920,4332474,0.23737864077669904,High Schools (Public),Traditional
8921,4333316,0.1591726618705036,High Schools (Public),Traditional
8922,4334421,0.06521739130434782,High Schools (Public),Traditional
8923,4334462,0.05950920245398773,High Schools (Public),Traditional
8926,0114496,0.3980263157894737,High Schools (Public),Traditional
8927,0118380,0.37975460122699384,High Schools (Public),Traditional
8929,4332839,0.511742892459827,High Schools (Public),Traditional
8961,4334371,0.06844305120167189,High Schools (Public),Traditional
8962,4337762,0.034453057708871665,High Schools (Public),Traditional
8974,0102368,0.30311052283256124,High Schools (Public),Traditional
8975,4333951,0.4196185286103542,High Schools (Public),Traditional
9002,4334116,0.16543778801843317,High Schools (Public),Traditional
9003,4334728,0.12665752171925013,High Schools (Public),Traditional
9036,4332904,0.11685940353012782,High Schools (Public),Traditional
9037,4335782,0.13326282390269698,High Schools (Public),Traditional
9059,4330080,0.5456989247311828,High Schools (Public),Traditional
9063,4333522,0.11284840244731476,High Schools (Public),Traditional
9064,4333795,0.5616352201257861,High Schools (Public),Traditional
9065,4335949,0.3079684134960517,High Schools (Public),Traditional
9066,4337200,0.6990846681922197,High Schools (Public),Traditional
9067,4338950,0.3882047958522359,High Schools (Public),Traditional
9106,0135970,0.3114754098360656,Alternative Schools of Choice,Alternative School of Choice
9109,0141283,0.31771595900439237,High Schools (Public),Traditional
9110,4330122,0.23631990378833434,High Schools (Public),Traditional
9111,4330247,0.4198473282442748,Alternative Schools of Choice,Alternative School of Choice
9113,4338802,0.26022304832713755,High Schools (Public),Traditional
9161,4331039,0.7428571428571429,Continuation High Schools,Continuation School
9162,4334470,0.4395078605604921,High Schools (Public),Traditional
9174,0137315,0.7643097643097643,High Schools In 1 School Dist. (Public),Traditional
9177,4430146,1.0,Juvenile Court Schools,Juvenile Court School
9197,0105858,0.843000773395205,High Schools (Public),Traditional
9203,4430245,0.7701149425287356,High Schools (Public),Traditional
9204,4430518,0.4764521193092622,High Schools (Public),Traditional
9206,4437901,0.910609480812641,High Schools (Public),Traditional
9233,4436754,0.20242214532871972,High Schools (Public),Traditional
9244,4430096,0.4107142857142857,Alternative Schools of Choice,Alternative School of Choice
9245,4430187,0.3893805309734513,High Schools (Public),Traditional
9247,4432340,0.3820335636722606,High Schools (Public),Traditional
9249,4437109,0.22689844464775846,High Schools (Public),Traditional
9250,4437406,0.2905027932960894,High Schools (Public),Traditional
9260,4430211,0.10965630114566285,High Schools (Public),Traditional
9269,4530150,1.0,Juvenile Court Schools,Juvenile Court School
9272,4530028,0.47146739130434784,High Schools (Public),Traditional
9273,4530051,0.532608695652174,Alternative Schools of Choice,Alternative School of Choice
9274,4530192,0.6875,District Community Day Schools,Community Day School
9277,4530804,0.5320284697508897,High Schools (Public),Traditional
9309,4530010,0.6,Continuation High Schools,Continuation School
9347,4530044,0.44989912575655683,High Schools (Public),Traditional
9348,4530200,0.7674418604651163,Continuation High Schools,Continuation School
9349,4530267,0.37809187279151946,High Schools (Public),Traditional
9350,4530309,0.4605263157894737,Alternative Schools of Choice,Alternative School of Choice
9351,4532750,0.6567944250871081,High Schools (Public),Traditional
9352,4537304,0.4810725552050473,High Schools (Public),Traditional
9363,4531901,0.7152658662092625,High Schools (Public),Traditional
9381,4732707,0.7213114754098361,High Schools (Public),Traditional
9394,4734356,0.9024390243902439,High Schools (Public),Traditional
9395,4734901,0.42857142857142855,High Schools (Public),Traditional
9396,4735403,0.3278008298755187,High Schools (Public),Traditional
9397,4738753,0.5989304812834224,High Schools (Public),Traditional
9406,4739207,0.5555555555555556,High Schools (Public),Traditional
9407,4731253,0.7659574468085106,High Schools (Public),Traditional
9410,4733309,0.6162162162162163,High Schools (Public),Traditional
9415,4830071,1.0,Juvenile Court Schools,Juvenile Court School
9421,4831004,0.24119850187265918,High Schools (Public),Traditional
9430,4832259,0.5767676767676768,High Schools (Public),Traditional
9445,4830170,0.379441023211748,High Schools (Public),Traditional
9446,4830451,0.8129067245119306,High Schools (Public),Traditional
9447,4833000,0.8130841121495327,High Schools (Public),Traditional
9468,4838801,0.410790925812385,High Schools (Public),Traditional
9479,0141150,1.0,District Community Day Schools,Community Day School
9480,4830089,0.578096947935368,High Schools (Public),Traditional
9481,4830113,0.34177215189873417,High Schools (Public),Traditional
9482,4837803,0.45401174168297453,High Schools (Public),Traditional
9498,0139816,0.7150537634408602,High Schools (Public),Traditional
9499,4830147,0.7736248236953456,High Schools (Public),Traditional
9500,4830196,0.6321353065539113,High Schools (Public),Traditional
9528,4930400,0.4093686354378819,High Schools (Public),Traditional
9542,4930855,0.5725190839694656,High Schools (Public),Traditional
9602,4930012,0.48578342407743497,High Schools (Public),Traditional
9604,4930111,0.7142857142857143,Continuation High Schools,Continuation School
9606,4935151,0.4090528080469405,High Schools (Public),Traditional
9651,4930160,0.717201166180758,High Schools (Public),Traditional
9652,4930244,0.3503787878787879,High Schools (Public),Traditional
9653,4934154,0.49640861931364727,High Schools (Public),Traditional
9654,4935292,0.6436541143654114,High Schools (Public),Traditional
9656,4936803,0.583386992916935,High Schools (Public),Traditional
9668,4937256,0.3277310924369748,High Schools (Public),Traditional
9694,0123786,0.2834467120181406,High Schools (Public),Traditional
9699,4930384,0.20699708454810495,Alternative Schools of Choice,Alternative School of Choice
9700,4935482,0.47065527065527063,High Schools (Public),Traditional
9710,0138263,0.38235294117647056,Alternative Schools of Choice,Alternative School of Choice
9712,4930228,0.4835294117647059,High Schools (Public),Traditional
9720,4932554,0.5646123260437376,High Schools (Public),Traditional
9731,0107136,0.5416666666666666,High Schools (Public),Traditional
9732,0108076,0.8744065602071645,High Schools (Public),Traditional
9742,5030168,0.9591836734693877,Alternative Schools of Choice,Alternative School of Choice
9744,5030879,0.8698795180722891,High Schools (Public),Traditional
9759,5031521,0.7516339869281046,High Schools (Public),Traditional
9813,0110593,0.4548611111111111,High Schools (Public),Traditional
9815,0121129,0.5856777493606138,High Schools (Public),Traditional
9816,5030010,0.6215040397762586,High Schools (Public),Traditional
9817,5030135,0.8186298669295219,High Schools (Public),Traditional
9818,5031380,0.8017282765242438,High Schools (Public),Traditional
9819,5031802,0.760036496350365,High Schools (Public),Traditional
9820,5034905,0.837260034904014,High Schools (Public),Traditional
9831,5036256,0.7355191256830601,High Schools (Public),Traditional
9876,5035902,0.6086486486486486,High Schools (Public),Traditional
9883,5032651,0.5715948777648429,High Schools (Public),Traditional
9891,5036850,0.7311827956989247,High Schools (Public),Traditional
9897,5030192,0.5614035087719298,Alternative Schools of Choice,Alternative School of Choice
9899,5035654,0.3474088291746641,High Schools (Public),Traditional
9909,5030259,0.8591065292096219,High Schools (Public),Traditional
9917,5030283,0.6586102719033232,High Schools (Public),Traditional
9919,5037700,0.5877369907220653,High Schools (Public),Traditional
9929,0114207,0.9032258064516129,County Community,County Community School
9935,5132758,0.2597402597402597,High Schools In 1 School Dist. (Public),Traditional
9939,5135256,0.714759535655058,High Schools (Public),Traditional
9951,5137500,0.25340599455040874,High Schools (Public),Traditional
9957,0107722,0.6890855457227139,High Schools (Public),Traditional
9963,5139001,0.7115613825983313,High Schools (Public),Traditional
9988,0137414,0.6896551724137931,High Schools (Public),Traditional
9989,5231675,0.835820895522388,Continuation High Schools,Continuation School
9990,5231709,0.824435318275154,High Schools (Public),Traditional
10002,5235106,0.5763546798029556,High Schools (Public),Traditional
10010,5237151,0.8653846153846154,Continuation High Schools,Continuation School
10011,5237201,0.7559899117276166,High Schools (Public),Traditional
10014,0125633,0.8285714285714286,County Community,County Community School
10025,5330022,1.0,Continuation High Schools,Continuation School
10026,5337407,0.78125,High Schools (Public),Traditional
10029,5337456,0.6089965397923875,High Schools (Public),Traditional
10032,0119602,0.37549407114624506,High Schools (Public),Traditional
10036,5430061,1.0,Juvenile Court Schools,Juvenile Court School
10043,5430301,0.8229166666666666,High Schools (Public),Traditional
10059,5433230,0.9602888086642599,High Schools (Public),Traditional
10075,0124776,0.8333333333333334,K-12 Schools (Public),Traditional
10078,5432414,0.8613074204946997,High Schools (Public),Traditional
10097,0136507,0.8720657276995305,K-12 Schools (Public),Traditional
10126,0107649,0.9166666666666666,District Community Day Schools,Community Day School
10127,0116368,0.6626936829558999,High Schools (Public),Traditional
10128,0130708,0.7951807228915663,High Schools (Public),Traditional
10130,5430145,0.9714285714285714,Continuation High Schools,Continuation School
10131,5435409,0.7530940594059405,High Schools (Public),Traditional
10132,5435466,0.7270368448365335,High Schools (Public),Traditional
10136,0109751,0.7029126213592233,High Schools (Public),Traditional
10139,0120659,0.5648148148148148,High Schools (Public),Traditional
10145,5430046,0.7071393880524527,High Schools (Public),Traditional
10146,5430368,0.6264550264550265,High Schools (Public),Traditional
10147,5432828,0.7397678680513133,High Schools (Public),Traditional
10148,5434527,0.4751004016064257,High Schools (Public),Traditional
10178,5430210,0.8663853727144867,High Schools (Public),Traditional
10186,0116590,0.730844793713163,High Schools (Public),Traditional
10189,5430251,0.9560530679933665,High Schools (Public),Traditional
10191,5432786,0.8118598382749326,High Schools (Public),Traditional
10192,5434113,0.8861176470588236,High Schools (Public),Traditional
10193,5434931,0.8881118881118881,High Schools (Public),Traditional
10209,5431184,0.76548463356974,High Schools (Public),Traditional
10218,5436282,0.8699690402476781,High Schools (Public),Traditional
10224,5431598,0.6556655665566556,High Schools (Public),Traditional
10244,5530043,0.5692307692307692,Alternative Schools of Choice,Alternative School of Choice
10245,5536503,0.38295454545454544,High Schools (Public),Traditional
10256,5536750,0.4547244094488189,High Schools (Public),Traditional
10258,5530076,0.4897959183673469,High Schools (Public),Traditional
10259,5530084,0.5483870967741935,High Schools (Public),Traditional
10261,0109900,0.8410700236034618,High Schools (Public),Traditional
10267,5630223,1.0,Juvenile Court Schools,Juvenile Court School
10277,5632021,0.7090367428003972,High Schools (Public),Traditional
10306,5634076,0.5086805555555556,High Schools (Public),Traditional
10333,0120634,0.3609022556390977,High Schools (Public),Traditional
10334,0125674,0.7615571776155717,Alternative Schools of Choice,Alternative School of Choice
10335,0131698,0.3813559322033898,High Schools (Public),Traditional
10336,0136804,0.7938144329896907,Alternative Schools of Choice,Alternative School of Choice
10340,5630389,0.8119626168224299,High Schools (Public),Traditional
10341,5631619,0.40883697308278316,High Schools (Public),Traditional
10342,5631742,0.8827731092436975,High Schools (Public),Traditional
10343,5632849,0.9121798222686879,High Schools (Public),Traditional
10344,5634548,0.7610114192495921,High Schools (Public),Traditional
10345,5634761,0.725781650435674,High Schools (Public),Traditional
10372,5630322,0.30493707647628265,High Schools (Public),Traditional
10374,5635008,0.4310626702997275,High Schools (Public),Traditional
10375,5636188,0.3649214659685864,High Schools (Public),Traditional
10402,5630298,0.38009049773755654,Alternative Schools of Choice,Alternative School of Choice
10403,5630348,0.38801261829652994,High Schools (Public),Traditional
10404,5630793,0.6018927444794953,High Schools (Public),Traditional
10405,5637822,0.6039195461578133,High Schools (Public),Traditional
10432,5630116,0.17684210526315788,High Schools (Public),Traditional
10433,5633748,0.17489008304836345,High Schools (Public),Traditional
10434,5637004,0.23781561949500882,High Schools (Public),Traditional
10455,5630132,0.12407282535401214,High Schools (Public),Traditional
10464,5630371,0.1322314049586777,High Schools (Public),Traditional
10465,5633250,0.3654642223536369,High Schools (Public),Traditional
10477,5635776,0.8353413654618473,High Schools (Public),Traditional
10486,0113787,0.6808510638297872,County Community,County Community School
10510,5732904,0.8083623693379791,High Schools (Public),Traditional
10517,0135939,0.6842105263157895,High Schools (Public),Traditional
10519,5735154,0.676660516605166,High Schools (Public),Traditional
10535,0101162,0.7111251580278128,High Schools (Public),Traditional
10538,5738802,0.7662337662337663,High Schools (Public),Traditional
10554,5830047,1.0,Juvenile Court Schools,Juvenile Court School
10564,5830013,0.7679425837320574,High Schools (Public),Traditional
10568,5835202,0.6218568665377177,High Schools (Public),Traditional
10595,5838305,0.7478833490122295,High Schools (Public),Traditional
